{"assets/fonts/Poppins-Bold.ttf":["assets/fonts/Poppins-Bold.ttf"],"assets/fonts/Poppins-Light.ttf":["assets/fonts/Poppins-Light.ttf"],"assets/fonts/Poppins-Medium.ttf":["assets/fonts/Poppins-Medium.ttf"],"assets/fonts/Poppins-Regular.ttf":["assets/fonts/Poppins-Regular.ttf"],"assets/fonts/Poppins-SemiBold.ttf":["assets/fonts/Poppins-SemiBold.ttf"],"assets/images/about.png":["assets/images/about.png"],"assets/images/contact.png":["assets/images/contact.png"],"assets/images/logo_wipos.png":["assets/images/logo_wipos.png"],"assets/images/qr_app.png":["assets/images/qr_app.png"],"assets/images/user.png":["assets/images/user.png"],"assets/images/wipos_logo.png":["assets/images/wipos_logo.png"],"packages/cupertino_icons/assets/CupertinoIcons.ttf":["packages/cupertino_icons/assets/CupertinoIcons.ttf"]}